id,title,intro,poster,pubdate,url,rating,genres,star,comment,tags,star_time,card
36448279,罗小黑战记2,,https://dou.img.lithub.cc/movie/36448279.jpg,2025-07-18(中国大陆),https://movie.douban.com/subject/36448279/,8.7,"动画,奇幻,冒险",4,,,2026-02-09 00:12:56,2025 / 中国大陆 / 动画 奇幻 冒险 / 木头 顾杰 / 山新 刘明月
37004561,有罪之身,,https://dou.img.lithub.cc/movie/37004561.jpg,2026-01-28(中国大陆),https://movie.douban.com/subject/37004561/,6.8,"剧情,犯罪",3,,,2026-02-04 10:44:05,2026 / 中国大陆 / 剧情 犯罪 / 王涛涛 / 魏大勋 孙千
36576581,牧神记 年番1,,https://dou.img.lithub.cc/movie/36576581.jpg,2024-10-27(中国大陆),https://movie.douban.com/subject/36576581/,8.9,"动画,奇幻,冒险",2,,,2026-02-03 18:19:56,2024 / 中国大陆 / 动画 奇幻 冒险 / 沈乐平 / 姚铭舜 李欣
36466382,人之初,,https://dou.img.lithub.cc/movie/36466382.jpg,2025-12-27(中国大陆),https://movie.douban.com/subject/36466382/,6.6,"剧情,悬疑,犯罪",3,,,2026-02-03 17:41:30,2025 / 中国大陆 / 剧情 悬疑 犯罪 / 李路 / 张若昀 马思纯
2156667,西游记续集,,https://dou.img.lithub.cc/movie/2156667.jpg,2000-02-08(中国大陆),https://movie.douban.com/subject/2156667/,9.2,"剧情,动作,奇幻",5,,,2026-01-30 12:10:29,2000 / 中国大陆 / 剧情 动作 奇幻 冒险 古装 / 杨洁 / 六小龄童 徐少华
2156663,西游记,,https://dou.img.lithub.cc/movie/2156663.jpg,1986-02(中国大陆),https://movie.douban.com/subject/2156663/,9.7,"剧情,动作,奇幻",5,,,2026-01-30 12:09:55,1986 / 中国大陆 / 剧情 动作 奇幻 冒险 古装 / 杨洁 / 六小龄童 迟重瑞
35382381,刺杀小说家2,,https://dou.img.lithub.cc/movie/35382381.jpg,2025-10-01(中国大陆),https://movie.douban.com/subject/35382381/,5.8,"动作,奇幻",2,,,2026-01-23 21:50:10,2025 / 中国大陆 / 动作 奇幻 / 路阳 / 邓超 董子健
26826330,刺杀小说家,,https://dou.img.lithub.cc/movie/26826330.jpg,2021-02-12(中国大陆),https://movie.douban.com/subject/26826330/,6.5,"动作,奇幻,冒险",3,,,2026-01-20 00:18:02,2021 / 中国大陆 / 动作 奇幻 冒险 / 路阳 / 雷佳音 杨幂
36904004,亲爱的X,,https://dou.img.lithub.cc/movie/36904004.jpg,2025-11-06(韩国),https://movie.douban.com/subject/36904004/,6.8,剧情,2,,,2026-01-19 19:07:30,2025 / 韩国 / 剧情 / 李应福 / 金裕贞 金永大
36600459,捕风追影,,https://dou.img.lithub.cc/movie/36600459.jpg,2025-08-16(中国大陆),https://movie.douban.com/subject/36600459/,8.1,"剧情,动作,犯罪",3,,,2026-01-17 23:19:54,2025 / 中国大陆 中国香港 / 剧情 动作 犯罪 / 杨子 / 成龙 张子枫
37106797,罚罪2,,https://dou.img.lithub.cc/movie/37106797.jpg,2025-12-25(中国大陆),https://movie.douban.com/subject/37106797/,6.7,"剧情,动作",3,,,2026-01-10 01:32:21,2025 / 中国大陆 / 剧情 动作 / 天毅 易勇 / 黄景瑜 王传君
36331163,暴风圈,,https://dou.img.lithub.cc/movie/36331163.jpg,2025-09-10(韩国),https://movie.douban.com/subject/36331163/,4.2,"剧情,动作,悬疑",2,,,2026-01-09 16:39:36,2025 / 韩国 / 剧情 动作 悬疑 / 金希元 许明行 / 全智贤 姜栋元
36097599,完美世界 第二季,,https://dou.img.lithub.cc/movie/36097599.jpg,2021-10-08(中国大陆),https://movie.douban.com/subject/36097599/,7.8,"剧情,动画,奇幻",2,,,2026-01-09 12:23:02,2021 / 中国大陆 / 剧情 动画 奇幻 / 汪成果 张帅 / 锦鲤 刘晴
35312003,完美世界 第一季,,https://dou.img.lithub.cc/movie/35312003.jpg,2021-04-23(中国大陆),https://movie.douban.com/subject/35312003/,7.1,"动画,奇幻,冒险",2,,,2026-01-09 12:22:48,2021 / 中国大陆 / 动画 奇幻 冒险 / 袁洁 自在天 / 锦鲤 刘晴
37291778,坂本日常 Part.2,,https://dou.img.lithub.cc/movie/37291778.jpg,2025-07-14(日本),https://movie.douban.com/subject/37291778/,8,动画,3,,,2026-01-09 12:21:17,2025 / 日本 / 动画 / 渡边正树 / 杉田智和 岛崎信长
36969210,九龙大众浪漫,,https://dou.img.lithub.cc/movie/36969210.jpg,2025-04-05(日本),https://movie.douban.com/subject/36969210/,7.2,"爱情,动画",3,,,2026-01-09 12:17:48,2025 / 日本 / 爱情 动画 / 岩崎良明 / 白石晴香 杉田智和
36486515,拉撒路,,https://dou.img.lithub.cc/movie/36486515.jpg,2025-04-05(日本),https://movie.douban.com/subject/36486515/,6.2,"动作,科幻,动画",2,,,2026-01-09 12:17:20,2025 / 日本 美国 / 动作 科幻 动画 惊悚 冒险 / 渡边信一郎 / 宫野真守 古川慎
35560082,眷思量 第二季,,https://dou.img.lithub.cc/movie/35560082.jpg,2024-06-01(中国大陆),https://movie.douban.com/subject/35560082/,8.5,"动画,奇幻",3,,,2026-01-09 12:16:22,2024 / 中国大陆 / 动画 奇幻 / 赵禹晴 / 凃雄飞 段艺璇
33717831,眷思量 第一季,,https://dou.img.lithub.cc/movie/33717831.jpg,2021-06-14(中国大陆),https://movie.douban.com/subject/33717831/,8,"动画,奇幻,冒险",3,,,2026-01-09 12:15:57,2021 / 中国大陆 / 动画 奇幻 冒险 / 赵禹晴 / 凃雄飞 段艺璇
36171155,胆大党,,https://dou.img.lithub.cc/movie/36171155.jpg,2024-10-04(日本),https://movie.douban.com/subject/36171155/,8,"剧情,动作,动画",4,,,2026-01-09 11:24:10,2024 / 日本 / 剧情 动作 动画 奇幻 / 山代风我 / 若山诗音 花江夏树
35593344,奥本海默,,https://dou.img.lithub.cc/movie/35593344.jpg,2023-08-30(中国大陆),https://movie.douban.com/subject/35593344/,8.8,"剧情,传记,历史",4,,,2026-01-09 11:20:41,2023 / 美国 英国 / 剧情 传记 历史 / 克里斯托弗·诺兰 / 基里安·墨菲 艾米莉·布朗特
30291070,财阀家的小儿子,,https://dou.img.lithub.cc/movie/30291070.jpg,2022-11-18(韩国),https://movie.douban.com/subject/30291070/,7.1,"剧情,爱情,奇幻",3,,,2026-01-09 01:34:53,2022 / 韩国 / 剧情 爱情 奇幻 / 郑大允 / 宋仲基 李星民
36093351,葬送的芙莉莲,,https://dou.img.lithub.cc/movie/36093351.jpg,2023-09-29(日本),https://movie.douban.com/subject/36093351/,9.4,"动画,奇幻,冒险",5,,,2026-01-09 01:30:05,2023 / 日本 / 动画 奇幻 冒险 / 斋藤圭一郎 / 种崎敦美 冈本信彦
35422807,扬名立万,,https://dou.img.lithub.cc/movie/35422807.jpg,2021-11-11(中国大陆),https://movie.douban.com/subject/35422807/,7.4,"剧情,喜剧,悬疑",4,,,2026-01-09 01:27:26,2021 / 中国大陆 / 剧情 喜剧 悬疑 / 刘循子墨 / 尹正 邓家佳
35208463,三大队,,https://dou.img.lithub.cc/movie/35208463.jpg,2023-12-15(中国大陆),https://movie.douban.com/subject/35208463/,7.6,"剧情,犯罪",4,,,2026-01-09 01:25:09,2023 / 中国大陆 / 剧情 犯罪 / 戴墨 / 张译 李晨
1299643,宝莲灯,,https://dou.img.lithub.cc/movie/1299643.jpg,1999-07-30(中国大陆),https://movie.douban.com/subject/1299643/,8.6,"动画,奇幻,冒险",4,,,2026-01-09 01:23:35,1999 / 中国大陆 / 动画 奇幻 冒险 / 常光希 / 姜文 徐帆
2303265,少年杨家将,,https://dou.img.lithub.cc/movie/2303265.jpg,2006-09-26(中国大陆),https://movie.douban.com/subject/2303265/,8.4,"剧情,古装",4,,,2026-01-09 01:22:25,2006 / 中国大陆 / 剧情 古装 / 卫翰韬 梁胜权 王少杰 李国立 / 胡歌 彭于晏
5989840,轩辕剑之天之痕,,https://dou.img.lithub.cc/movie/5989840.jpg,2012-07-06(中国大陆),https://movie.douban.com/subject/5989840/,6.8,"动作,爱情,奇幻",3,,,2026-01-09 01:22:06,2012 / 中国大陆 / 动作 爱情 奇幻 古装 / 李国立 / 胡歌 蒋劲夫
3732699,神话,,https://dou.img.lithub.cc/movie/3732699.jpg,2010-01-02(中国大陆),https://movie.douban.com/subject/3732699/,7.7,"剧情,动作,奇幻",3,,,2026-01-09 01:21:56,2010 / 中国大陆 / 剧情 动作 奇幻 / 蒋家骏 / 胡歌 白冰
35613241,县委大院,,https://dou.img.lithub.cc/movie/35613241.jpg,2022-12-07(中国大陆),https://movie.douban.com/subject/35613241/,6.8,剧情,3,,,2026-01-09 01:21:46,2022 / 中国大陆 / 剧情 / 孔笙 毛珺琳 王宏 / 胡歌 吴越
25994712,伪装者,,https://dou.img.lithub.cc/movie/25994712.jpg,2015-08-31(中国大陆),https://movie.douban.com/subject/25994712/,8.6,"剧情,悬疑",4,,,2026-01-09 01:21:19,2015 / 中国大陆 / 剧情 悬疑 / 李雪 / 胡歌 靳东
3227335,仙剑奇侠传三,,https://dou.img.lithub.cc/movie/3227335.jpg,2009-06-28(中国大陆),https://movie.douban.com/subject/3227335/,9,"爱情,奇幻,武侠",4,,,2026-01-09 01:21:09,2009 / 中国大陆 / 爱情 奇幻 武侠 古装 / 李国立 / 胡歌 霍建华
2210031,仙剑奇侠传,,https://dou.img.lithub.cc/movie/2210031.jpg,2005-01-24(中国大陆),https://movie.douban.com/subject/2210031/,9.1,"爱情,奇幻,武侠",5,,,2026-01-09 01:21:01,2005 / 中国大陆 / 爱情 奇幻 武侠 古装 / 李国立 吴锦源 梁胜权 麦贯之 / 胡歌 刘亦菲
35956190,走走停停,,https://dou.img.lithub.cc/movie/35956190.jpg,2024-06-08(中国大陆),https://movie.douban.com/subject/35956190/,8,"剧情,喜剧,家庭",3,,,2026-01-09 01:20:22,2024 / 中国大陆 / 剧情 喜剧 家庭 / 龙飞 / 胡歌 高圆圆
35797709,怪物,,https://dou.img.lithub.cc/movie/35797709.jpg,2023-05-17(戛纳电影节),https://movie.douban.com/subject/35797709/,8.6,剧情,4,,,2026-01-09 01:19:00,2023 / 日本 / 剧情 / 是枝裕和 / 安藤樱 永山瑛太
36369452,飞驰人生2,,https://dou.img.lithub.cc/movie/36369452.jpg,2024-02-10(中国大陆),https://movie.douban.com/subject/36369452/,7.6,"剧情,喜剧,运动",3,,,2026-01-09 01:17:44,2024 / 中国大陆 / 剧情 喜剧 运动 / 韩寒 / 沈腾 范丞丞
26758243,清明上河图密码,,https://dou.img.lithub.cc/movie/26758243.jpg,2024-12-16(中国大陆),https://movie.douban.com/subject/26758243/,6.4,"悬疑,古装",3,,,2026-01-09 01:06:15,2024 / 中国大陆 / 悬疑 古装 / 杨帆 熊琛 / 张颂文 白百何
37156504,凡人修仙传：重返天南,,https://dou.img.lithub.cc/movie/37156504.jpg,2025-07-26(中国大陆),https://movie.douban.com/subject/37156504/,9.6,"动画,奇幻,古装",4,,,2026-01-09 01:00:00,2025 / 中国大陆 / 动画 奇幻 古装 / 王裕仁 林宇昂 / 钱文青 青泯邑
36923479,凡人修仙传：外海风云‎,,https://dou.img.lithub.cc/movie/36923479.jpg,2025-01-18(中国大陆),https://movie.douban.com/subject/36923479/,9.4,"动画,奇幻",4,,,2026-01-09 00:59:48,2025 / 中国大陆 / 动画 奇幻 / 王裕仁 林宇昂 / 钱文青 王敏纳
34925298,火凤燎原,,https://dou.img.lithub.cc/movie/34925298.jpg,2023-04-29(中国大陆),https://movie.douban.com/subject/34925298/,8.7,"动作,动画,历史",4,,,2026-01-09 00:59:16,2023 / 中国大陆 / 动作 动画 历史 / 傅海清 / 沈磊 杜光祎
36948586,怪兽8号 第二季,,https://dou.img.lithub.cc/movie/36948586.jpg,2025-07-19(日本),https://movie.douban.com/subject/36948586/,6.9,动画,3,,,2026-01-09 00:58:17,2025 / 日本 / 动画 / 宫繁之 / 福西胜也 濑户麻沙美
37168697,胆大党 第二季,,https://dou.img.lithub.cc/movie/37168697.jpg,2025-07-03(日本),https://movie.douban.com/subject/37168697/,8.7,"动作,动画,奇幻",4,,,2026-01-09 00:54:52,2025 / 日本 / 动作 动画 奇幻 / 山代风我 阿贝尔·贡戈拉 / 若山诗音 花江夏树
36016488,驻站,,https://dou.img.lithub.cc/movie/36016488.jpg,2025-01-05(中国大陆),https://movie.douban.com/subject/36016488/,6.9,"剧情,喜剧,犯罪",3,,,2026-01-09 00:53:39,2025 / 中国大陆 / 剧情 喜剧 犯罪 / 刘雪松 / 郭京飞 陈数
36467256,灵笼 第二季,,https://dou.img.lithub.cc/movie/36467256.jpg,2025-05-23(中国大陆),https://movie.douban.com/subject/36467256/,8.9,"动作,科幻,动画",4,,,2026-01-09 00:47:04,2025 / 中国大陆 / 动作 科幻 动画 / 董相博 / 夏一可 图特哈蒙
36721436,扫毒风暴,,https://dou.img.lithub.cc/movie/36721436.jpg,2025-07-12(中国大陆),https://movie.douban.com/subject/36721436/,7.5,"剧情,犯罪",3,,,2026-01-09 00:46:04,2025 / 中国大陆 / 剧情 犯罪 / 五百 蔺水净 / 段奕宏 秦昊
36657787,以法之名,,https://dou.img.lithub.cc/movie/36657787.jpg,2025-06-24(中国大陆),https://movie.douban.com/subject/36657787/,6.8,"剧情,犯罪",2,,,2026-01-09 00:45:51,2025 / 中国大陆 / 剧情 犯罪 / 傅东育 郑世龙 / 张译 李光洁
36782612,善意的竞争,,https://dou.img.lithub.cc/movie/36782612.jpg,2025-02-10(韩国),https://movie.douban.com/subject/36782612/,8.2,"剧情,悬疑,惊悚",2,,,2026-01-09 00:45:10,2025 / 韩国 / 剧情 悬疑 惊悚 / 金泰熙 / 李惠利 郑受彬
36282639,唐探1900,,https://dou.img.lithub.cc/movie/36282639.jpg,2025-01-29(中国大陆),https://movie.douban.com/subject/36282639/,6.4,"喜剧,动作,悬疑",3,,,2026-01-09 00:40:19,2025 / 中国大陆 中国香港 / 喜剧 动作 悬疑 / 陈思诚 戴墨 / 王宝强 刘昊然
36438475,浪浪山小妖怪,,https://dou.img.lithub.cc/movie/36438475.jpg,2025-08-02(中国大陆),https://movie.douban.com/subject/36438475/,8.5,"剧情,喜剧,动画",3,,,2026-01-09 00:40:05,2025 / 中国大陆 / 剧情 喜剧 动画 奇幻 / 於水 / 陈子平 路扬
34780991,哪吒之魔童闹海,,https://dou.img.lithub.cc/movie/34780991.jpg,2025-01-29(中国大陆),https://movie.douban.com/subject/34780991/,8.4,"剧情,喜剧,动画",4,,,2026-01-09 00:39:27,2025 / 中国大陆 / 剧情 喜剧 动画 奇幻 / 饺子 / 吕艳婷 囧森瑟夫
2154096,士兵突击,,https://dou.img.lithub.cc/movie/2154096.jpg,2006-12-24(中国大陆),https://movie.douban.com/subject/2154096/,9.5,剧情,5,,,2026-01-09 00:38:11,2006 / 中国大陆 / 剧情 / 康洪雷 / 王宝强 陈思诚
33404425,隐秘的角落,,https://dou.img.lithub.cc/movie/33404425.jpg,2020-06-16(中国大陆),https://movie.douban.com/subject/33404425/,8.8,"剧情,悬疑,犯罪",4,,,2026-01-09 00:37:48,2020 / 中国大陆 / 剧情 悬疑 犯罪 / 辛爽 / 秦昊 王景春
26665065,琅琊榜之风起长林,,https://dou.img.lithub.cc/movie/26665065.jpg,2017-12-18(中国大陆),https://movie.douban.com/subject/26665065/,8.4,"剧情,古装",4,,,2026-01-09 00:37:06,2017 / 中国大陆 / 剧情 古装 / 孔笙 李雪 / 黄晓明 刘昊然
25754848,琅琊榜,,https://dou.img.lithub.cc/movie/25754848.jpg,2015-09-19(中国大陆),https://movie.douban.com/subject/25754848/,9.4,"剧情,古装",3,,,2026-01-09 00:36:52,2015 / 中国大陆 / 剧情 古装 / 孔笙 李雪 / 胡歌 刘涛
35235151,唐朝诡事录,,https://dou.img.lithub.cc/movie/35235151.jpg,2022-09-27(中国大陆),https://movie.douban.com/subject/35235151/,8,"悬疑,奇幻,武侠",3,,,2026-01-09 00:36:05,2022 / 中国大陆 / 悬疑 奇幻 武侠 古装 / 柏杉 / 杨旭文 杨志刚
35332289,开端,,https://dou.img.lithub.cc/movie/35332289.jpg,2022-01-11(中国大陆),https://movie.douban.com/subject/35332289/,7.9,剧情,4,,,2026-01-09 00:35:42,2022 / 中国大陆 / 剧情 / 孙墨龙 刘洪源 算 / 白敬亭 赵今麦
35725842,繁城之下,,https://dou.img.lithub.cc/movie/35725842.jpg,2023-10-13(中国大陆),https://movie.douban.com/subject/35725842/,8.5,"悬疑,犯罪,古装",4,,,2026-01-09 00:35:13,2023 / 中国大陆 / 悬疑 犯罪 古装 / 王铮 / 白宇帆 宁理
35588177,漫长的季节,,https://dou.img.lithub.cc/movie/35588177.jpg,2023-04-22(中国大陆),https://movie.douban.com/subject/35588177/,9.4,"剧情,家庭,犯罪",5,,,2026-01-09 00:34:33,2023 / 中国大陆 / 剧情 家庭 犯罪 / 辛爽 / 范伟 秦昊
36097760,边水往事,,https://dou.img.lithub.cc/movie/36097760.jpg,2024-08-16(中国大陆),https://movie.douban.com/subject/36097760/,7.9,"剧情,冒险",3,,,2026-01-09 00:34:04,2024 / 中国大陆 / 剧情 冒险 / 算 / 郭麒麟 吴镇宇
36188849,唐朝诡事录之西行,,https://dou.img.lithub.cc/movie/36188849.jpg,2024-07-18(中国大陆),https://movie.douban.com/subject/36188849/,8.6,"悬疑,奇幻,古装",4,,,2026-01-09 00:32:41,2024 / 中国大陆 新加坡 / 悬疑 奇幻 古装 / 柏杉 / 杨旭文 杨志刚
36516431,沉默的荣耀,,https://dou.img.lithub.cc/movie/36516431.jpg,2025-09-30(中国大陆),https://movie.douban.com/subject/36516431/,8,剧情,4,,,2026-01-09 00:32:06,2025 / 中国大陆 / 剧情 / 杨亚洲 于晗 赵文赫 / 于和伟 吴越
36318037,唐朝诡事录之长安,,https://dou.img.lithub.cc/movie/36318037.jpg,2025-11-08(中国大陆),https://movie.douban.com/subject/36318037/,8,"动作,悬疑,惊悚",3,,,2026-01-09 00:31:40,2025 / 中国大陆 / 动作 悬疑 惊悚 犯罪 奇幻 冒险 / 巨兴茂 / 杨旭文 杨志刚
2136210,陆小凤传奇之血衣之谜,,https://dou.img.lithub.cc/movie/2136210.jpg,2007,https://movie.douban.com/subject/2136210/,7.6,"剧情,动作,武侠",3,,,2025-08-04 10:07:28,2007 / 中国大陆 / 剧情 动作 武侠 古装 / 邓衍成 / 张智霖 何润东
2136212,陆小凤传奇之凤舞九天,,https://dou.img.lithub.cc/movie/2136212.jpg,2006-05-22(中国大陆),https://movie.douban.com/subject/2136212/,7.6,武侠,3,,,2025-08-04 10:06:02,2006 / 中国大陆 / 武侠 / 邓衍成 / 张智霖 范文芳
2136209,陆小凤传奇之剑神一笑,,https://dou.img.lithub.cc/movie/2136209.jpg,2007-02-21(中国大陆),https://movie.douban.com/subject/2136209/,7.6,"悬疑,武侠,古装",4,,,2025-08-04 10:04:47,2007 / 中国大陆 / 悬疑 武侠 古装 / 邓衍成 / 张智霖 何润东
2136208,陆小凤传奇之幽灵山庄,,https://dou.img.lithub.cc/movie/2136208.jpg,2007-02-14(中国大陆),https://movie.douban.com/subject/2136208/,7.5,"剧情,动作,冒险",3,,,2025-08-04 09:59:54,2007 / 中国大陆 / 剧情 动作 冒险 武侠 古装 / 邓衍成 / 张智霖 何润东
2136206,陆小凤传奇之绣花大盗,,https://dou.img.lithub.cc/movie/2136206.jpg,2007-01-24(中国大陆),https://movie.douban.com/subject/2136206/,7.7,"动作,武侠,古装",4,薛冰是这个系列最喜欢的女主了,,2025-08-04 09:58:31,2007 / 中国大陆 / 动作 武侠 古装 / 邓衍成 / 张智霖 张达明
2136197,陆小凤传奇之银钩赌坊,,https://dou.img.lithub.cc/movie/2136197.jpg,2007-02-07(中国大陆),https://movie.douban.com/subject/2136197/,7.6,武侠,3,过多转折，有点审美疲劳了,,2025-08-04 09:53:04,2007 / 中国大陆 / 武侠 / 邓衍成 / 张智霖
2136213,陆小凤传奇之决战前后,,https://dou.img.lithub.cc/movie/2136213.jpg,2007-01-30(中国大陆),https://movie.douban.com/subject/2136213/,7.6,"武侠,古装",3,,,2025-08-04 09:49:24,2007 / 中国大陆 / 武侠 古装 / 邓衍成 / 张智霖 何润东
1968502,陆小凤传奇之大金鹏王,,https://dou.img.lithub.cc/movie/1968502.jpg,2007-01-17(中国大陆),https://movie.douban.com/subject/1968502/,7.7,"武侠,古装",3,,,2025-08-04 09:42:56,2007 / 中国大陆 / 武侠 古装 / 邓衍成 / 张智霖 张智尧
2136201,陆小凤传奇之铁鞋传奇,,https://dou.img.lithub.cc/movie/2136201.jpg,2007-01-10(中国大陆),https://movie.douban.com/subject/2136201/,8,"动作,武侠",3,,,2025-08-04 09:41:25,2007 / 中国大陆 / 动作 武侠 / 袁英明 / 张智霖 张智尧
2136204,陆小凤传奇之陆小凤前传,,https://dou.img.lithub.cc/movie/2136204.jpg,2007-01-03(中国大陆),https://movie.douban.com/subject/2136204/,8,"剧情,古装",4,,,2025-08-03 20:49:14,2007 / 中国大陆 / 剧情 古装 / 袁英明 / 张智霖 张智尧
36140768,凸变英雄X,,https://dou.img.lithub.cc/movie/36140768.jpg,2025-04-06(中国大陆),https://movie.douban.com/subject/36140768/,6.5,"动作,科幻,动画",3,,,2025-04-20 22:40:28,2025 / 中国大陆 / 动作 科幻 动画 奇幻 冒险 / 李豪凌 / 魏超 刘校妤
36218306,宝物岛,,https://dou.img.lithub.cc/movie/36218306.jpg,2025-02-21(韩国),https://movie.douban.com/subject/36218306/,6.6,"剧情,悬疑",2,太狗血了,,2025-04-18 12:20:06,2025 / 韩国 / 剧情 悬疑 / 陈昌圭 / 朴炯植 许峻豪
36882183,伍六七之记忆碎片,,https://dou.img.lithub.cc/movie/36882183.jpg,2024-10-02(中国大陆),https://movie.douban.com/subject/36882183/,7.8,"喜剧,动作,动画",2,,,2025-04-07 14:17:55,2024 / 中国大陆 / 喜剧 动作 动画 奇幻 冒险 武侠 / 何小疯 / 何小疯 姜广涛
1302425,喜剧之王,,https://dou.img.lithub.cc/movie/1302425.jpg,1999-02-13(中国香港),https://movie.douban.com/subject/1302425/,8.8,"剧情,喜剧,爱情",4,,,2025-04-05 23:29:29,1999 / 中国香港 / 剧情 喜剧 爱情 / 周星驰 李力持 / 周星驰 张柏芝
36828744,全修。,,https://dou.img.lithub.cc/movie/36828744.jpg,2025-01-05(日本),https://movie.douban.com/subject/36828744/,8,动画,3,,,2025-04-05 20:27:17,2025 / 日本 / 动画 / 山崎光惠 / 永濑安奈 浦和希
36837352,我独自升级 第二季 -起于暗影-,,https://dou.img.lithub.cc/movie/36837352.jpg,2025-01-04(日本),https://movie.douban.com/subject/36837352/,8.7,"剧情,动作,动画",4,看完了“我独自升级 第二季 —— 起于暗影”（也称作：我下巴独自升级/我独自整容 😂），可以看出有经费的、有制作的龙傲天动漫也是很不错的，尤其是恶魔王和贝尔的压迫力十足，战斗画面的观感非常爽。虽然没看原作，也被剧透了一些，但还是很期待第三季。,"漫改,韩国,龙傲天",2025-04-02 23:20:57,2025 / 日本 韩国 / 剧情 动作 动画 奇幻 冒险 / 中重俊祐 / 坂泰斗 上田丽奈
36053042,坂本日常,,https://dou.img.lithub.cc/movie/36053042.jpg,2025-01-11(日本),https://movie.douban.com/subject/36053042/,7.1,"喜剧,动作,动画",3,寡淡...搞笑一般，战斗一般,,2025-03-16 23:39:08,2025 / 日本 / 喜剧 动作 动画 惊悚 犯罪 冒险 / 渡边正树 / 杉田智和 岛崎信长
35964611,我独自升级,,https://dou.img.lithub.cc/movie/35964611.jpg,2024-01-06(日本),https://movie.douban.com/subject/35964611/,7.8,"剧情,动作,动画",4,战斗，爽！是一部合格的爽文，就是尖下巴不在我的审美上😅,,2025-02-27 23:54:46,2024 / 日本 韩国 / 剧情 动作 动画 奇幻 冒险 / 中重俊祐 / 坂泰斗 中村源太
36689857,荒野机器人,,https://dou.img.lithub.cc/movie/36689857.jpg,2024-09-20(中国大陆),https://movie.douban.com/subject/36689857/,8.2,"科幻,动画,冒险",4,,,2025-02-22 23:45:18,2024 / 美国 / 科幻 动画 冒险 / 克里斯·桑德斯 / 露皮塔·尼永奥 佩德罗·帕斯卡
36467237,杀手寓言,,https://dou.img.lithub.cc/movie/36467237.jpg,2024-04-07(日本),https://movie.douban.com/subject/36467237/,8.4,"喜剧,动画",4,,,2024-12-29 23:53:59,2024 / 日本 / 喜剧 动画 / 高桥良辅 / 兴津和幸 泽城美雪
5905773,七种武器之孔雀翎,,https://dou.img.lithub.cc/movie/5905773.jpg,2011-01-02(中国大陆),https://movie.douban.com/subject/5905773/,8.7,"动作,奇幻,武侠",4,,,2024-12-20 23:49:08,2011 / 中国大陆 / 动作 奇幻 武侠 古装 / 张大鹏 王伟廷 / 释小龙 穆婷婷
36139980,凡人修仙传：星海飞驰篇,,https://dou.img.lithub.cc/movie/36139980.jpg,2023-07-30(中国大陆),https://movie.douban.com/subject/36139980/,9.4,"动画,奇幻",4,,,2024-12-18 00:42:01,2023 / 中国大陆 / 动画 奇幻 / 王裕仁 林宇昂 / 钱文青 杨天翔
36181105,无罪的罪人 第一季,,https://dou.img.lithub.cc/movie/36181105.jpg,2024-06-09(翠贝卡电影节),https://movie.douban.com/subject/36181105/,7.6,"剧情,悬疑,犯罪",4,,,2024-08-16 14:07:54,2024 / 美国 / 剧情 悬疑 犯罪 / 安妮·塞维茨基 格雷格·艾坦尼斯 / 杰克·吉伦哈尔 鲁丝·内伽
1299730,夏日情未了,,https://dou.img.lithub.cc/movie/1299730.jpg,1993-10-07,https://movie.douban.com/subject/1299730/,7.2,爱情,3,,,2024-07-18 09:55:28,1993 / 中国香港 / 爱情 / 朱家宏 / 郭富城 关之琳
35801594,迷宫饭,,https://dou.img.lithub.cc/movie/35801594.jpg,2023-12-08(日本影院),https://movie.douban.com/subject/35801594/,9.2,"动画,奇幻,冒险",5,,,2024-07-12 18:15:09,2023 / 日本 / 动画 奇幻 冒险 / 宫岛善博 / 熊谷健太郎 千本木彩花
34996127,疯狂的麦克斯：狂暴女神,,https://dou.img.lithub.cc/movie/34996127.jpg,2024-06-07(中国大陆),https://movie.douban.com/subject/34996127/,7.4,"动作,科幻,惊悚",3,,,2024-07-07 10:08:02,2024 / 澳大利亚 美国 / 动作 科幻 惊悚 冒险 / 乔治·米勒 / 安雅·泰勒-乔伊 克里斯·海姆斯沃斯
36052975,怪兽8号,,https://dou.img.lithub.cc/movie/36052975.jpg,2024-04-13(日本),https://movie.douban.com/subject/36052975/,7.9,"动作,科幻,动画",4,,,2024-06-30 12:19:38,2024 / 日本 / 动作 科幻 动画 灾难 / 宫繁之 神谷友美 / 福西胜也 濑户麻沙美
35377026,熊出没·重返地球,,https://dou.img.lithub.cc/movie/35377026.jpg,2022-02-01(中国大陆),https://movie.douban.com/subject/35377026/,6.5,"喜剧,动画,儿童",4,,,2024-06-29 21:47:13,2022 / 中国大陆 / 喜剧 动画 儿童 / 林汇达 / 张秉君 张伟
1889243,星际穿越,,https://dou.img.lithub.cc/movie/1889243.jpg,2014-11-12(中国大陆),https://movie.douban.com/subject/1889243/,9.4,"剧情,科幻,冒险",5,,,2024-06-27 01:34:40,2014 / 美国 英国 加拿大 / 剧情 科幻 冒险 / 克里斯托弗·诺兰 / 马修·麦康纳 安妮·海瑟薇
35322421,我的解放日志,,https://dou.img.lithub.cc/movie/35322421.jpg,2022-04-09(韩国),https://movie.douban.com/subject/35322421/,9,剧情,5,,,2024-05-29 14:00:20,2022 / 韩国 / 剧情 / 金锡允 / 李民基 金智媛
1307766,那山那人那狗,,https://dou.img.lithub.cc/movie/1307766.jpg,1999(中国大陆),https://movie.douban.com/subject/1307766/,8.8,"剧情,家庭",4,,,2024-05-18 00:13:18,1999 / 中国大陆 / 剧情 家庭 / 霍建起 / 滕汝骏 刘烨
30335059,熊出没·原始时代,,https://dou.img.lithub.cc/movie/30335059.jpg,2019-02-05(中国大陆),https://movie.douban.com/subject/30335059/,6.6,"喜剧,动画,冒险",3,,,2024-05-16 22:18:50,2019 / 中国大陆 / 喜剧 动画 冒险 / 丁亮 林汇达 / 张伟 张秉君
1299085,一刀倾城,,https://dou.img.lithub.cc/movie/1299085.jpg,1993-07-15,https://movie.douban.com/subject/1299085/,8.2,"武侠,古装",4,,,2024-05-14 00:24:57,1993 / 中国大陆 中国香港 / 武侠 古装 / 洪金宝 / 狄龙 杨凡
35983137,香格里拉·开拓异境～粪作猎手挑战神作～,,https://dou.img.lithub.cc/movie/35983137.jpg,2023-10-01(日本),https://movie.douban.com/subject/35983137/,7.8,"动画,冒险",4,,,2024-05-09 13:41:31,2023 / 日本 / 动画 冒险 / 洼冈俊之 / 内田雄马 和气杏未
26310143,信号,,https://dou.img.lithub.cc/movie/26310143.jpg,2016-01-22(韩国),https://movie.douban.com/subject/26310143/,9.2,"剧情,悬疑,犯罪",5,,,2024-05-06 09:20:20,2016 / 韩国 / 剧情 悬疑 犯罪 奇幻 / 金湲锡 / 李帝勋 赵震雄
35161101,都市男女的爱情法则,,https://dou.img.lithub.cc/movie/35161101.jpg,2020-12-22(韩国),https://movie.douban.com/subject/35161101/,8.7,爱情,4,,,2024-04-29 23:23:37,2020 / 韩国 / 爱情 / 朴信宇 / 池昌旭 金智媛
35861696,眼泪女王,,https://dou.img.lithub.cc/movie/35861696.jpg,2024-03-09(韩国),https://movie.douban.com/subject/35861696/,6.9,"剧情,爱情",4,,,2024-04-29 09:20:05,2024 / 韩国 / 剧情 爱情 / 金希元 张荣佑 / 金秀贤 金智媛
27176717,熊出没·变形记,,https://dou.img.lithub.cc/movie/27176717.jpg,2018-02-16(中国大陆),https://movie.douban.com/subject/27176717/,6.8,"喜剧,动画,冒险",3,,,2024-04-23 15:08:07,2018 / 中国大陆 / 喜剧 动画 冒险 / 丁亮 林汇达 / 张伟 张秉君
26831711,熊出没·奇幻空间,,https://dou.img.lithub.cc/movie/26831711.jpg,2017-01-28(中国大陆),https://movie.douban.com/subject/26831711/,6.3,"动画,儿童",3,,,2024-04-15 00:14:09,2017 / 中国大陆 / 动画 儿童 / 林永长 林汇达 丁亮 / 尚雯婕 鲍春来
26220731,熊出没之雪岭熊风,,https://dou.img.lithub.cc/movie/26220731.jpg,2015-01-30(中国大陆),https://movie.douban.com/subject/26220731/,8.5,"喜剧,动画,家庭",4,,,2024-04-06 21:38:36,2015 / 中国大陆 / 喜剧 动画 家庭 冒险 / 丁亮 刘富源 / 张伟 张秉君
30468961,想见你,,https://dou.img.lithub.cc/movie/30468961.jpg,2019-11-17(中国台湾),https://movie.douban.com/subject/30468961/,9.3,"爱情,悬疑,奇幻",5,,,2024-04-05 23:26:16,2019 / 中国台湾 / 爱情 悬疑 奇幻 / 黄天仁 / 柯佳嬿 许光汉
25861610,熊出没之年货,,https://dou.img.lithub.cc/movie/25861610.jpg,2014-01-30(中国大陆),https://movie.douban.com/subject/25861610/,8.7,动画,4,,,2024-03-28 01:09:22,2014 / 中国大陆 / 动画 / 丁亮 刘富源 林永长 / 张秉君 万丹青
24753811,熊出没之夺宝熊兵,,https://dou.img.lithub.cc/movie/24753811.jpg,2014-01-17(中国大陆),https://movie.douban.com/subject/24753811/,8.2,"喜剧,动画,家庭",4,,,2024-03-24 23:04:01,2014 / 中国大陆 / 喜剧 动画 家庭 冒险 / 丁亮 刘富源 / 张秉君 张伟
1299059,倚天屠龙记之魔教教主,,https://dou.img.lithub.cc/movie/1299059.jpg,1993-12-18(中国香港),https://movie.douban.com/subject/1299059/,8,"动作,奇幻,武侠",4,,,2024-03-24 13:16:40,1993 / 中国香港 中国大陆 / 动作 奇幻 武侠 古装 / 王晶 / 李连杰 张敏
6126501,超兽武装之仁者无敌,,https://dou.img.lithub.cc/movie/6126501.jpg,2011-04-14(中国大陆),https://movie.douban.com/subject/6126501/,9.6,"动作,科幻,动画",5,,,2024-03-23 23:35:16,2011 / 中国大陆 / 动作 科幻 动画 儿童 冒险 / 王巍 / 祖晴 陆双
36151692,周处除三害,,https://dou.img.lithub.cc/movie/36151692.jpg,2024-03-01(中国大陆),https://movie.douban.com/subject/36151692/,8.1,"动作,犯罪",4,,,2024-03-23 23:21:54,2023 / 中国台湾 / 动作 犯罪 / 黄精甫 / 阮经天 袁富华
35575567,沙丘2,,https://dou.img.lithub.cc/movie/35575567.jpg,2024-03-08(中国大陆),https://movie.douban.com/subject/35575567/,8.1,"剧情,动作,科幻",4,,,2024-03-09 00:21:41,2024 / 美国 加拿大 / 剧情 动作 科幻 冒险 / 丹尼斯·维伦纽瓦 / 提莫西·查拉梅 赞达亚
35712804,首尔之春,,https://dou.img.lithub.cc/movie/35712804.jpg,2023-11-22(韩国),https://movie.douban.com/subject/35712804/,8.8,剧情,5,,"剧情,政治,真实事件改编",2024-03-03 23:52:50,2023 / 韩国 / 剧情 / 金性洙 / 黄政民 郑雨盛
3001114,沙丘,,https://dou.img.lithub.cc/movie/3001114.jpg,2021-10-22(美国/中国大陆),https://movie.douban.com/subject/3001114/,7.7,"剧情,科幻,冒险",5,,"史诗,科幻,剧情",2024-03-03 17:07:08,2021 / 美国 / 剧情 科幻 冒险 / 丹尼斯·维伦纽瓦 / 提莫西·查拉梅 丽贝卡·弗格森
21359690,熊出没之过年,,https://dou.img.lithub.cc/movie/21359690.jpg,2013-02-08(中国大陆),https://movie.douban.com/subject/21359690/,9,"剧情,喜剧,动画",5,,,2024-02-23 23:38:54,2013 / 中国大陆 / 剧情 喜剧 动画 家庭 儿童 冒险 / 丁亮 / 张秉君 张伟
36035676,长安三万里,,https://dou.img.lithub.cc/movie/36035676.jpg,2023-07-08(中国大陆),https://movie.douban.com/subject/36035676/,8.3,"动画,历史",3,,,2024-02-19 10:27:28,2023 / 中国大陆 / 动画 历史 / 谢君伟 邹靖 / 杨天翔 凌振赫
26270502,绣春刀II：修罗战场,,https://dou.img.lithub.cc/movie/26270502.jpg,2017-07-19(中国大陆),https://movie.douban.com/subject/26270502/,7.2,"剧情,动作,武侠",4,,,2024-02-03 22:03:46,2017 / 中国大陆 / 剧情 动作 武侠 古装 / 路阳 / 张震 杨幂
2997076,华尔街之狼,,https://dou.img.lithub.cc/movie/2997076.jpg,2013-12-17(纽约首映),https://movie.douban.com/subject/2997076/,8.1,"剧情,传记,犯罪",4,,,2024-01-07 00:47:48,2013 / 美国 / 剧情 传记 犯罪 / 马丁·斯科塞斯 / 莱昂纳多·迪卡普里奥 乔纳·希尔
35725869,年会不能停！,,https://dou.img.lithub.cc/movie/35725869.jpg,2023-12-29(中国大陆),https://movie.douban.com/subject/35725869/,8.1,"剧情,喜剧",4,,,2024-01-01 00:46:44,2023 / 中国大陆 / 剧情 喜剧 / 董润年 / 大鹏 白客
35651927,模仿犯,,https://dou.img.lithub.cc/movie/35651927.jpg,2023-03-31(中国台湾),https://movie.douban.com/subject/35651927/,7.4,"剧情,悬疑,犯罪",4,,,2023-12-31 15:12:51,2023 / 中国台湾 / 剧情 悬疑 犯罪 / 张荣吉 张亨如 / 吴慷仁 柯佳嬿
35765350,咒术回战 第二季,,https://dou.img.lithub.cc/movie/35765350.jpg,2023-07-06(日本),https://movie.douban.com/subject/35765350/,8.5,"剧情,动画,奇幻",5,,,2023-12-29 22:49:12,2023 / 日本 / 剧情 动画 奇幻 / 御所园翔太 / 中村悠一 樱井孝宏
3032552,魔幻手机,,https://dou.img.lithub.cc/movie/3032552.jpg,2008-04-08(中国大陆),https://movie.douban.com/subject/3032552/,8.6,"喜剧,奇幻",5,,,2023-12-25 17:24:33,2008 / 中国大陆 / 喜剧 奇幻 / 余明生 / 李滨 陈创
35414623,咒术回战0,,https://dou.img.lithub.cc/movie/35414623.jpg,2021-12-24(日本),https://movie.douban.com/subject/35414623/,8.3,,5,,,2023-12-15 00:06:38,2021 / 日本 / 朴性厚 / 绪方惠美 花泽香菜
34895145,咒术回战 第一季,,https://dou.img.lithub.cc/movie/34895145.jpg,2020-10-03(中国大陆),https://movie.douban.com/subject/34895145/,8.4,"动作,动画,惊悚",5,,,2023-12-07 22:56:49,2020 / 日本 / 动作 动画 惊悚 奇幻 / 朴性厚 竹下良平 筑紫大介 伊福觉志 田中宏纪 高田阳介 中山龙 高桥贤 中园真登 御所园翔太 / 榎木淳弥 内田雄马
1418019,大闹天宫,,https://dou.img.lithub.cc/movie/1418019.jpg,1961(中国大陆),https://movie.douban.com/subject/1418019/,9.4,"剧情,动画,奇幻",5,,,2023-12-05 23:21:22,1961 / 中国大陆 / 剧情 动画 奇幻 古装 / 万籁鸣 / 邱岳峰 富润生
35371261,铃芽之旅,,https://dou.img.lithub.cc/movie/35371261.jpg,2023-03-24(中国大陆),https://movie.douban.com/subject/35371261/,7.2,"爱情,动画,奇幻",4,,,2023-12-03 13:54:10,2022 / 日本 / 爱情 动画 奇幻 / 新海诚 / 原菜乃华 松村北斗
35674355,中国奇谭,,https://dou.img.lithub.cc/movie/35674355.jpg,2023-01-01(中国大陆),https://movie.douban.com/subject/35674355/,8.7,"动画,短片,奇幻",4,,,2023-12-01 23:52:24,2023 / 中国大陆 / 动画 短片 奇幻 / 陈廖宇 於水 胡睿 杨木 刘毛宁 陈莲华 周小琳 潘斌 顾杨 刘旷 徐宁
3821067,一代宗师,,https://dou.img.lithub.cc/movie/3821067.jpg,2013-01-08(中国大陆),https://movie.douban.com/subject/3821067/,8.2,"剧情,动作,爱情",4,,,2023-11-21 21:58:02,2013 / 中国大陆 中国香港 / 剧情 动作 爱情 传记 / 王家卫 / 梁朝伟 章子怡
34941536,宇宙探索编辑部,,https://dou.img.lithub.cc/movie/34941536.jpg,2023-04-01(中国大陆),https://movie.douban.com/subject/34941536/,8,"喜剧,科幻",4,,,2023-11-13 23:49:07,2021 / 中国大陆 / 喜剧 科幻 / 孔大山 / 杨皓宇 艾丽娅
1291543,功夫,,https://dou.img.lithub.cc/movie/1291543.jpg,2004-12-23(中国大陆),https://movie.douban.com/subject/1291543/,8.9,"喜剧,动作,犯罪",5,,,2023-11-06 23:52:01,2004 / 中国大陆 中国香港 / 喜剧 动作 犯罪 奇幻 / 周星驰 / 周星驰 元秋
36338793,物物语 Part 2,,https://dou.img.lithub.cc/movie/36338793.jpg,2023-07-03(日本),https://movie.douban.com/subject/36338793/,6.9,"动作,爱情,动画",3,,,2023-09-19 02:57:50,2023 / 日本 / 动作 爱情 动画 奇幻 / 木村隆一 / 大冢刚央 高田忧希
34779692,新神榜：哪吒重生,,https://dou.img.lithub.cc/movie/34779692.jpg,2021-02-12(中国大陆),https://movie.douban.com/subject/34779692/,6.8,"动作,动画,奇幻",3,,,2023-09-17 19:27:11,2021 / 中国大陆 / 动作 动画 奇幻 / 赵霁 / 杨天翔 张赫
35360684,新神榜：杨戬,,https://dou.img.lithub.cc/movie/35360684.jpg,2022-08-19(中国大陆),https://movie.douban.com/subject/35360684/,7,"动作,动画,奇幻",2,,,2023-09-17 19:26:02,2022 / 中国大陆 / 动作 动画 奇幻 冒险 / 赵霁 / 王凯 季冠霖
26647087,三体,,https://dou.img.lithub.cc/movie/26647087.jpg,2023-01-15(中国大陆),https://movie.douban.com/subject/26647087/,8.7,"剧情,科幻",4,,,2023-09-10 13:45:56,2023 / 中国大陆 / 剧情 科幻 / 杨磊 / 张鲁一 于和伟
2239292,大宋提刑官,,https://dou.img.lithub.cc/movie/2239292.jpg,2005-03-20(中国大陆),https://movie.douban.com/subject/2239292/,9.3,"剧情,悬疑,历史",5,,,2023-09-07 00:20:50,2005 / 中国大陆 / 剧情 悬疑 历史 古装 / 阚卫平 / 何冰 罗海琼
36017435,凡人修仙传：初入星海,,https://dou.img.lithub.cc/movie/36017435.jpg,2022-07-31(中国大陆),https://movie.douban.com/subject/36017435/,9.1,"动作,动画,奇幻",5,,,2023-09-02 13:25:30,2022 / 中国大陆 / 动作 动画 奇幻 冒险 古装 / 王裕仁 赵侠 / 钱文青 李诗萌
35882624,凡人修仙传：再别天南,,https://dou.img.lithub.cc/movie/35882624.jpg,2022-04-24(中国大陆),https://movie.douban.com/subject/35882624/,8.9,"动作,动画,奇幻",5,,,2023-09-01 15:22:13,2022 / 中国大陆 / 动作 动画 奇幻 冒险 武侠 古装 / 王裕仁 / 钱文青 刘三木
35640039,凡人修仙传：魔道争锋,,https://dou.img.lithub.cc/movie/35640039.jpg,2021-11-14(中国大陆),https://movie.douban.com/subject/35640039/,8.6,"动画,奇幻",5,,,2023-09-01 10:35:50,2021 / 中国大陆 / 动画 奇幻 / 王裕仁 赵侠 / 钱文青 李诗萌
35259437,凡人修仙传：燕家堡之战,,https://dou.img.lithub.cc/movie/35259437.jpg,2021-01-31(中国大陆),https://movie.douban.com/subject/35259437/,8.1,动画,5,,,2023-08-28 21:56:22,2021 / 中国大陆 / 动画 / 王裕仁 伍镇焯 / 钱文青 李诗萌
34925294,凡人修仙传：风起天南,,https://dou.img.lithub.cc/movie/34925294.jpg,2020-07-25(中国大陆),https://movie.douban.com/subject/34925294/,7.9,"动画,奇幻,武侠",5,,,2023-08-28 00:38:09,2020 / 中国大陆 / 动画 奇幻 武侠 / 伍镇焯 王裕仁 / 钱文青 杨天翔
35178776,雾山五行·犀川幻紫林,,https://dou.img.lithub.cc/movie/35178776.jpg,2023-07-26(中国大陆),https://movie.douban.com/subject/35178776/,9.2,"动作,动画,奇幻",5,,,2023-08-17 01:50:39,2023 / 中国大陆 / 动作 动画 奇幻 武侠 / 林魂 / 郭盛 姜英俊
1830528,三国演义,,https://dou.img.lithub.cc/movie/1830528.jpg,1994-10-23(中国大陆),https://movie.douban.com/subject/1830528/,9.6,"剧情,历史,战争",5,,,2023-08-09 09:20:25,1994 / 中国大陆 / 剧情 历史 战争 / 王扶林 蔡晓晴 张绍林 孙光明 张中一 沈好放 / 唐国强 鲍国安
34880018,茶啊二中,,https://dou.img.lithub.cc/movie/34880018.jpg,2023-07-14(中国大陆),https://movie.douban.com/subject/34880018/,7.3,"喜剧,动画,奇幻",4,,,2023-07-15 22:46:54,2023 / 中国大陆 / 喜剧 动画 奇幻 / 夏铭泽 阎凯 / 邢原源 王博文
36055450,国王排名 勇气的宝箱,,https://dou.img.lithub.cc/movie/36055450.jpg,2023-04-13(日本),https://movie.douban.com/subject/36055450/,7.1,动画,4,,,2023-06-23 20:42:37,2023 / 日本 / 动画 / 八田洋介 / 日向未南 村濑步
35457272,保你平安,,https://dou.img.lithub.cc/movie/35457272.jpg,2023-03-10(中国大陆),https://movie.douban.com/subject/35457272/,7.6,"剧情,喜剧",4,,,2023-06-18 15:31:45,2022 / 中国大陆 / 剧情 喜剧 / 大鹏 / 大鹏 李雪琴
30391186,蜘蛛侠：纵横宇宙,,https://dou.img.lithub.cc/movie/30391186.jpg,2023-06-02(美国/中国大陆),https://movie.douban.com/subject/30391186/,8.5,"喜剧,动作,科幻",5,,,2023-06-10 18:26:39,2023 / 美国 / 喜剧 动作 科幻 动画 奇幻 冒险 / 乔伊姆·多斯·桑托斯 凯普·鲍尔斯 贾斯汀·汤普森 / 沙梅克·摩尔 海莉·斯坦菲尔德
1307694,无间道3：终极无间,,https://dou.img.lithub.cc/movie/1307694.jpg,2003-12-12(中国大陆),https://movie.douban.com/subject/1307694/,8.2,"剧情,惊悚,犯罪",5,,,2023-06-08 13:36:54,2003 / 中国大陆 中国香港 / 剧情 惊悚 犯罪 / 刘伟强 麦兆辉 / 梁朝伟 刘德华
3878007,海王,,https://dou.img.lithub.cc/movie/3878007.jpg,2018-12-07(中国大陆),https://movie.douban.com/subject/3878007/,7.6,"动作,奇幻,冒险",3,,,2023-06-08 13:33:42,2018 / 美国 澳大利亚 / 动作 奇幻 冒险 / 温子仁 / 杰森·莫玛 安珀·赫德
1307106,无间道2,,https://dou.img.lithub.cc/movie/1307106.jpg,2003-10-17(中国大陆),https://movie.douban.com/subject/1307106/,8.8,"剧情,惊悚,犯罪",5,,,2023-05-17 20:17:52,2003 / 中国香港 / 剧情 惊悚 犯罪 / 刘伟强 麦兆辉 / 陈冠希 余文乐
1307914,无间道,,https://dou.img.lithub.cc/movie/1307914.jpg,2003-09-05(中国大陆),https://movie.douban.com/subject/1307914/,9.3,"剧情,惊悚,犯罪",5,,,2023-05-15 00:32:31,2002 / 中国香港 / 剧情 惊悚 犯罪 / 刘伟强 麦兆辉 / 刘德华 梁朝伟
4811774,阿凡达：水之道,,https://dou.img.lithub.cc/movie/4811774.jpg,2022-12-16(美国/中国大陆),https://movie.douban.com/subject/4811774/,7.8,"动作,科幻,冒险",4,,,2023-05-09 01:18:23,2022 / 美国 / 动作 科幻 冒险 / 詹姆斯·卡梅隆 / 萨姆·沃辛顿 佐伊·索尔达娜
1652587,阿凡达,,https://dou.img.lithub.cc/movie/1652587.jpg,2010-01-04(中国大陆),https://movie.douban.com/subject/1652587/,8.8,"动作,科幻,冒险",5,,,2023-05-07 21:50:50,2009 / 美国 / 动作 科幻 冒险 / 詹姆斯·卡梅隆 / 萨姆·沃辛顿 佐伊·索尔达娜
27199894,超级马力欧兄弟大电影,,https://dou.img.lithub.cc/movie/27199894.jpg,2023-04-05(美国/中国大陆),https://movie.douban.com/subject/27199894/,7.8,"喜剧,爱情,科幻",4,,,2023-05-01 23:19:53,2023 / 美国 日本 / 喜剧 爱情 科幻 动画 奇幻 冒险 / 亚伦·霍瓦斯 迈克尔·杰勒尼克 / 克里斯·帕拉特 安雅·泰勒-乔伊
35118256,赛博朋克：边缘行者 第一季,,https://dou.img.lithub.cc/movie/35118256.jpg,2022-09-13(美国),https://movie.douban.com/subject/35118256/,9,"动作,科幻,动画",5,,,2023-04-26 00:16:34,2022 / 日本 美国 波兰 / 动作 科幻 动画 惊悚 犯罪 冒险 / 今石洋之 / 大桥贤一郎 悠木碧
34927946,国王排名,,https://dou.img.lithub.cc/movie/34927946.jpg,2021-10-15(日本),https://movie.douban.com/subject/34927946/,7.7,"剧情,动画,奇幻",3,,,2023-04-20 01:18:57,2021 / 日本 / 剧情 动画 奇幻 冒险 / 八田洋介 今井有文 / 日向未南 村濑步
35724582,间谍过家家 第一季 Part.2,,https://dou.img.lithub.cc/movie/35724582.jpg,2022-10-01(日本),https://movie.douban.com/subject/35724582/,8.9,"喜剧,动作,动画",5,,,2023-04-18 15:24:16,2022 / 日本 / 喜剧 动作 动画 / 古桥一浩 片桐崇 原田孝宏 高桥谦仁 本间修 原英和 山本阳介 堀口和树 大峰辉之 / 江口拓也 早见沙织
26394152,大黄蜂,,https://dou.img.lithub.cc/movie/26394152.jpg,2019-01-04(中国大陆),https://movie.douban.com/subject/26394152/,7,"动作,科幻,冒险",4,,,2023-04-16 14:14:57,2018 / 美国 中国大陆 / 动作 科幻 冒险 / 特拉维斯·奈特 / 海莉·斯坦菲尔德 小豪尔赫·兰登伯格
25824686,变形金刚5：最后的骑士,,https://dou.img.lithub.cc/movie/25824686.jpg,2017-06-23(中国大陆),https://movie.douban.com/subject/25824686/,4.9,"动作,科幻,冒险",2,,,2023-04-16 01:34:05,2017 / 美国 中国大陆 加拿大 / 动作 科幻 冒险 / 迈克尔·贝 / 马克·沃尔伯格 安东尼·霍普金斯
7054604,变形金刚4：绝迹重生,,https://dou.img.lithub.cc/movie/7054604.jpg,2014-06-27(中国大陆),https://movie.douban.com/subject/7054604/,6.7,"动作,科幻,冒险",3,,,2023-04-14 00:23:06,2014 / 美国 中国大陆 中国香港 / 动作 科幻 冒险 / 迈克尔·贝 / 马克·沃尔伯格 斯坦利·图齐
3610047,变形金刚3,,https://dou.img.lithub.cc/movie/3610047.jpg,2011-07-21(中国大陆),https://movie.douban.com/subject/3610047/,7.3,"动作,科幻,冒险",3,,,2023-04-13 00:37:23,2011 / 美国 / 动作 科幻 冒险 / 迈克尔·贝 / 希亚·拉博夫 罗茜·汉丁顿-惠特莉
30395914,雾山五行,,https://dou.img.lithub.cc/movie/30395914.jpg,2020-07-26(中国大陆),https://movie.douban.com/subject/30395914/,8.7,"动作,动画,奇幻",5,,,2023-04-12 00:50:25,2020 / 中国大陆 / 动作 动画 奇幻 / 林魂 / 郭盛 郝祥海
35258427,间谍过家家 第一季,,https://dou.img.lithub.cc/movie/35258427.jpg,2022-04-09(日本),https://movie.douban.com/subject/35258427/,8.9,"喜剧,动作,动画",5,,,2023-04-11 18:51:11,2022 / 日本 / 喜剧 动作 动画 / 古桥一浩 片桐崇 原田孝宏 高桥谦仁 赤井俊文 堀口和树 山本阳介 北川朋哉 / 江口拓也 早见沙织
2146991,变形金刚2,,https://dou.img.lithub.cc/movie/2146991.jpg,2009-06-24(中国大陆),https://movie.douban.com/subject/2146991/,7.8,"动作,科幻,冒险",5,,,2023-04-10 00:36:04,2009 / 美国 / 动作 科幻 冒险 / 迈克尔·贝 / 希亚·拉博夫 梅根·福克斯
1794171,变形金刚,,https://dou.img.lithub.cc/movie/1794171.jpg,2007-07-11(中国大陆),https://movie.douban.com/subject/1794171/,8.4,"动作,科幻",5,,,2023-04-09 00:38:44,2007 / 美国 / 动作 科幻 / 迈克尔·贝 / 希亚·拉博夫 梅根·福克斯
36193784,黑暗荣耀 第二季,,https://dou.img.lithub.cc/movie/36193784.jpg,2023-03-10(韩国),https://movie.douban.com/subject/36193784/,9,"剧情,悬疑",5,,,2023-04-06 23:20:06,2023 / 韩国 / 剧情 悬疑 / 安吉镐 / 宋慧乔 李到晛
33476019,叶卡捷琳娜大帝 第三季,,https://dou.img.lithub.cc/movie/33476019.jpg,2019-10-21(俄罗斯),https://movie.douban.com/subject/33476019/,8.8,"剧情,传记,历史",5,,,2023-04-06 00:49:56,2019 / 俄罗斯 / 剧情 传记 历史 / Дмитрий Иосифов / 玛丽娜·亚历山德罗娃 帕维尔·塔巴科夫
35663392,物物语,,https://dou.img.lithub.cc/movie/35663392.jpg,2023-01-09(日本),https://movie.douban.com/subject/35663392/,6.9,"动作,爱情,动画",3,,,2023-04-03 23:31:44,2023 / 日本 / 动作 爱情 动画 奇幻 / 木村隆一 大川贵大 / 大冢刚央 高田忧希
26985198,叶卡捷琳娜大帝 第二季,,https://dou.img.lithub.cc/movie/26985198.jpg,2017-02-27(俄罗斯),https://movie.douban.com/subject/26985198/,8.9,"剧情,传记,历史",5,,,2023-04-02 01:14:19,2017 / 俄罗斯 / 剧情 传记 历史 / Дмитрий Иосифов / 玛丽娜·亚历山德罗娃 帕维尔·塔巴科夫
24745500,绣春刀,,https://dou.img.lithub.cc/movie/24745500.jpg,2014-08-07(中国大陆),https://movie.douban.com/subject/24745500/,7.7,"剧情,动作,武侠",4,,,2023-03-26 23:23:51,2014 / 中国大陆 / 剧情 动作 武侠 古装 / 路阳 / 张震 刘诗诗
35314632,黑暗荣耀,,https://dou.img.lithub.cc/movie/35314632.jpg,2022-12-30(韩国),https://movie.douban.com/subject/35314632/,8.9,剧情,5,,,2023-03-26 18:55:28,2022 / 韩国 / 剧情 / 安吉镐 / 宋慧乔 李到晛
34867871,英雄联盟：双城之战 第一季,,https://dou.img.lithub.cc/movie/34867871.jpg,2021-11-07(中国大陆),https://movie.douban.com/subject/34867871/,9,"动作,科幻,动画",5,,,2023-03-21 23:03:08,2021 / 美国 法国 / 动作 科幻 动画 冒险 / 帕斯卡尔·沙吕 阿诺德·德洛德 杰罗姆·科姆 / 艾拉·珀内尔 海莉·斯坦菲尔德
26277313,西游记之大圣归来,,https://dou.img.lithub.cc/movie/26277313.jpg,2015-07-10(中国大陆),https://movie.douban.com/subject/26277313/,8.3,"剧情,动画,奇幻",4,,,2023-03-20 00:29:23,2015 / 中国大陆 / 剧情 动画 奇幻 / 田晓鹏 / 张磊 林子杰
35417872,异世界归来的舅舅,,https://dou.img.lithub.cc/movie/35417872.jpg,2022-07-06(日本),https://movie.douban.com/subject/35417872/,8.7,"剧情,喜剧,动画",5,,,2023-03-19 19:09:12,2022 / 日本 / 剧情 喜剧 动画 / 河合滋树 仁科邦康 古贺一臣 长冈义孝 鸟羽聪 丝贺慎太郎 / 子安武人 福山润
36093359,伍六七之暗影宿命,,https://dou.img.lithub.cc/movie/36093359.jpg,2023-01-18(中国大陆),https://movie.douban.com/subject/36093359/,8.3,"喜剧,动作,动画",3,,,2023-03-16 01:19:31,2023 / 中国大陆 / 喜剧 动作 动画 冒险 武侠 / 何小疯 / 何小疯 段艺璇
35161255,伍六七之玄武国篇,,https://dou.img.lithub.cc/movie/35161255.jpg,2021-01-27(中国大陆),https://movie.douban.com/subject/35161255/,9,"剧情,喜剧,动作",4,,,2023-03-05 19:07:22,2021 / 中国大陆 / 剧情 喜剧 动作 动画 / 何小疯 / 何小疯 姜广涛
30371751,伍六七之最强发型师,,https://dou.img.lithub.cc/movie/30371751.jpg,2019-10-23(中国大陆),https://movie.douban.com/subject/30371751/,9.1,动画,5,,,2023-03-05 16:33:26,2019 / 中国大陆 / 动画 / 何小疯 / 何小疯 姜广涛
27624762,伍六七,,https://dou.img.lithub.cc/movie/27624762.jpg,2018-04-25(中国大陆),https://movie.douban.com/subject/27624762/,8.8,"剧情,喜剧,动作",5,,,2023-02-19 13:44:42,2018 / 中国大陆 / 剧情 喜剧 动作 动画 / 何小疯 / 何小疯 姜广涛
26631177,叶卡捷琳娜大帝 第一季,,https://dou.img.lithub.cc/movie/26631177.jpg,2014-11-24(俄罗斯),https://movie.douban.com/subject/26631177/,8.7,"传记,历史",5,,,2023-02-18 23:34:55,2014 / 俄罗斯 / 传记 历史 / 亚历山大·尼·巴拉诺夫 / 玛丽娜·亚历山德罗娃 尤利娅·奥格
26649682,深海,,https://dou.img.lithub.cc/movie/26649682.jpg,2023-01-22(中国大陆),https://movie.douban.com/subject/26649682/,7.3,"动画,奇幻",4,,,2023-02-18 23:29:54,2023 / 中国大陆 / 动画 奇幻 / 田晓鹏 / 苏鑫 王亭文
35797488,大理寺日志2,,https://dou.img.lithub.cc/movie/35797488.jpg,2022-11-26(中国大陆),https://movie.douban.com/subject/35797488/,8.3,"喜剧,动作,动画",4,,,2023-02-12 19:44:27,2022 / 中国大陆 / 喜剧 动作 动画 历史 / 槐佳佳 / 郭盛 翟昱霖
35332568,奇巧计程车,,https://dou.img.lithub.cc/movie/35332568.jpg,2021-04-06(日本),https://movie.douban.com/subject/35332568/,9.4,"剧情,动画,悬疑",5,,,2023-02-11 13:24:05,2021 / 日本 / 剧情 动画 悬疑 / 木下麦 新田典生 西田健一 大庭秀昭 / 花江夏树 饭田里穗
35043879,篮球之神迈克尔·乔丹,,https://dou.img.lithub.cc/movie/35043879.jpg,2020-03-09(中国大陆),https://movie.douban.com/subject/35043879/,0,纪录片,4,,,2023-02-06 00:21:03,2020 / 中国大陆 / 纪录片 / 迈克尔·乔丹
30395911,大理寺日志,,https://dou.img.lithub.cc/movie/30395911.jpg,2020-04-10(中国大陆),https://movie.douban.com/subject/30395911/,8.1,"喜剧,动作,动画",4,,,2023-02-05 23:08:20,2020 / 中国大陆 / 喜剧 动作 动画 历史 / 槐佳佳 / 郭盛 翟昱霖
35465232,狂飙,,https://dou.img.lithub.cc/movie/35465232.jpg,2023-01-14(中国大陆),https://movie.douban.com/subject/35465232/,8.5,"剧情,犯罪",4,,,2023-02-05 15:13:48,2023 / 中国大陆 / 剧情 犯罪 / 徐纪周 / 张译 张颂文
35766491,满江红,,https://dou.img.lithub.cc/movie/35766491.jpg,2023-01-22(中国大陆),https://movie.douban.com/subject/35766491/,7,"剧情,喜剧,悬疑",2,,,2023-01-29 09:48:02,2023 / 中国大陆 / 剧情 喜剧 悬疑 古装 / 张艺谋 / 沈腾 易烊千玺
2303259,天外飞仙,,https://dou.img.lithub.cc/movie/2303259.jpg,2006-08-04(中国大陆),https://movie.douban.com/subject/2303259/,8.2,"爱情,奇幻,古装",5,,,2023-01-29 09:45:49,2006 / 中国大陆 中国台湾 / 爱情 奇幻 古装 / 黄伟明 王少杰 梁胜权 / 胡歌 林依晨
35267208,流浪地球2,,https://dou.img.lithub.cc/movie/35267208.jpg,2023-01-22(中国大陆),https://movie.douban.com/subject/35267208/,8.3,"科幻,冒险,灾难",5,,,2023-01-27 06:45:45,2023 / 中国大陆 / 科幻 冒险 灾难 / 郭帆 / 吴京 刘德华
22220086,疑犯追踪 第三季,,https://dou.img.lithub.cc/movie/22220086.jpg,2013-09-24(美国),https://movie.douban.com/subject/22220086/,9.6,"剧情,动作,悬疑",5,,"悬疑,疑犯追踪,犯罪,剧情",2021-10-13 10:54:15,2013 / 美国 / 剧情 动作 悬疑 / 大卫·塞梅尔 理查德·刘易斯 / 吉姆·卡维泽 迈克尔·爱默生
10549251,疑犯追踪 第二季,,https://dou.img.lithub.cc/movie/10549251.jpg,2012-09-27,https://movie.douban.com/subject/10549251/,9.6,"剧情,惊悚,犯罪",5,,"犯罪,悬疑",2021-10-13 10:54:00,2012 / 美国 / 剧情 惊悚 犯罪 / 大卫·塞梅尔 理查德·刘易斯 / 迈克尔·爱默生 吉姆·卡维泽
5980670,疑犯追踪  第一季,,https://dou.img.lithub.cc/movie/5980670.jpg,2011-09-22(美国),https://movie.douban.com/subject/5980670/,9.3,"剧情,悬疑,犯罪",5,,"悬疑,犯罪,科幻",2021-10-13 10:53:40,2011 / 美国 / 剧情 悬疑 犯罪 / 大卫·塞梅尔 理查德·J·刘易斯 史蒂文·德保罗 查尔斯·比森 科林·巴克西 丹尼斯·史密斯 弗雷德里克·E·O·托耶 米兰·赫伊洛夫 阿莱克斯·扎克雷泽夫斯基 杰弗里·G·亨特 斯蒂芬·威廉姆斯 布拉德·安德森 克里斯·费舍 大卫·凡·安肯 杰夫·T·托马斯 拉里·滕 斯蒂芬·塞梅尔 凯文·布雷 / 迈克尔·爱默生 吉姆·卡维泽
30413128,风犬少年的天空,,https://dou.img.lithub.cc/movie/30413128.jpg,2020-09-24(中国大陆),https://movie.douban.com/subject/30413128/,7.9,喜剧,4,,"青春,校园",2021-08-31 23:42:16,2020 / 中国大陆 / 喜剧 / 张一白 韩琰 李炳强 / 彭昱畅 张婧仪
35202793,扫黑风暴,,https://dou.img.lithub.cc/movie/35202793.jpg,2021-08-09(中国大陆),https://movie.douban.com/subject/35202793/,7.1,"剧情,犯罪",4,,"社会,扫黑除恶",2021-08-31 23:32:20,2021 / 中国大陆 / 剧情 犯罪 / 五百 / 孙红雷 张艺兴
11026735,超能陆战队,,https://dou.img.lithub.cc/movie/11026735.jpg,2015-02-28(中国大陆),https://movie.douban.com/subject/11026735/,8.8,"喜剧,动作,科幻",5,,"温情,科幻,成长,大白",2021-08-30 23:53:07,2014 / 美国 / 喜剧 动作 科幻 动画 冒险 / 唐·霍尔 克里斯·威廉姆斯 / 斯科特·安第斯 瑞恩·波特
35076714,扎克·施奈德版正义联盟,,https://dou.img.lithub.cc/movie/35076714.jpg,2021-05-03(中国大陆网络),https://movie.douban.com/subject/35076714/,8.1,"动作,科幻,奇幻",4,,"DC,正义联盟,扎克施奈德",2021-08-30 23:52:45,2021 / 美国 / 动作 科幻 奇幻 冒险 / 扎克·施奈德 / 本·阿弗莱克 亨利·卡维尔
25907124,姜子牙,,https://dou.img.lithub.cc/movie/25907124.jpg,2020-10-01(中国大陆),https://movie.douban.com/subject/25907124/,6.6,"剧情,动画,奇幻",3,,"国漫,中国动画,奇幻",2021-08-30 23:51:14,2020 / 中国大陆 / 剧情 动画 奇幻 / 程腾 李炜 / 郑希 杨凝
30181230,我们与恶的距离,,https://dou.img.lithub.cc/movie/30181230.jpg,2019-03-24(中国台湾),https://movie.douban.com/subject/30181230/,9.4,剧情,5,,"犯罪,台湾,社会,人性",2021-08-30 23:50:08,2019 / 中国台湾 / 剧情 / 林君阳 / 贾静雯 温升豪
27088993,都挺好,,https://dou.img.lithub.cc/movie/27088993.jpg,2019-03-01(中国大陆),https://movie.douban.com/subject/27088993/,7.7,"剧情,家庭",4,,"原生家庭,现实,家庭,亲情,人性",2021-08-30 23:49:28,2019 / 中国大陆 / 剧情 家庭 / 简川訸 / 姚晨 倪大红
30170894,大宋少年志,,https://dou.img.lithub.cc/movie/30170894.jpg,2019-06-03(中国大陆),https://movie.douban.com/subject/30170894/,7.8,"悬疑,古装",4,,"轻喜剧,热血,古代",2021-08-30 23:48:33,2019 / 中国大陆 / 悬疑 古装 / 伊峥 王飞 彭学军 罗志刚 刘崇杰 / 张新成 周雨彤
26946624,小欢喜,,https://dou.img.lithub.cc/movie/26946624.jpg,2019-07-31(中国大陆),https://movie.douban.com/subject/26946624/,8.2,"剧情,家庭",4,,"教育,家庭,成长",2021-08-30 23:47:40,2019 / 中国大陆 / 剧情 家庭 / 汪俊 / 黄磊 海清
35051512,我和我的家乡,,https://dou.img.lithub.cc/movie/35051512.jpg,2020-10-01(中国大陆),https://movie.douban.com/subject/35051512/,7,"剧情,喜剧",4,,"爱国,献礼片,喜剧,国庆档",2020-10-10 15:00:37,2020 / 中国大陆 / 剧情 喜剧 / 宁浩 徐峥 陈思诚 闫非 彭大魔 邓超 俞白眉 / 葛优 黄渤
30402296,天气之子,,https://dou.img.lithub.cc/movie/30402296.jpg,2019-11-01(中国大陆),https://movie.douban.com/subject/30402296/,7,"爱情,动画,奇幻",4,,"治愈,青春,神作",2020-10-01 12:00:40,2019 / 日本 / 爱情 动画 奇幻 / 新海诚 / 醍醐虎汰朗 森七菜
4920389,头号玩家,,https://dou.img.lithub.cc/movie/4920389.jpg,2018-03-30(中国大陆),https://movie.douban.com/subject/4920389/,8.6,"动作,科幻,冒险",5,,"VR,虚拟现实,科幻",2020-09-29 18:57:58,2018 / 美国 / 动作 科幻 冒险 / 史蒂文·斯皮尔伯格 / 泰伊·谢里丹 奥利维亚·库克
26100958,复仇者联盟4：终局之战,,https://dou.img.lithub.cc/movie/26100958.jpg,2019-04-24(中国大陆),https://movie.douban.com/subject/26100958/,8.5,"剧情,动作,科幻",5,,"科幻,史诗,漫威,情怀",2020-09-29 18:54:07,2019 / 美国 / 剧情 动作 科幻 奇幻 冒险 / 安东尼·罗素 乔·罗素 / 小罗伯特·唐尼 克里斯·埃文斯
27060077,绿皮书,,https://dou.img.lithub.cc/movie/27060077.jpg,2019-03-01(中国大陆),https://movie.douban.com/subject/27060077/,8.9,"剧情,喜剧,音乐",5,,"真实事件改编,人性,温情",2020-09-29 18:53:46,2018 / 美国 中国大陆 / 剧情 喜剧 音乐 传记 / 彼得·法雷里 / 维果·莫腾森 马赫沙拉·阿里
30170448,何以为家,,https://dou.img.lithub.cc/movie/30170448.jpg,2019-04-29(中国大陆),https://movie.douban.com/subject/30170448/,9.1,剧情,5,,"人性,儿童,成长",2020-09-29 18:53:15,2018 / 黎巴嫩 美国 法国 塞浦路斯 卡塔尔 英国 / 剧情 / 娜丁·拉巴基 / 赞恩·阿尔·拉菲亚 约丹诺斯·希费罗
30331149,白蛇：缘起,,https://dou.img.lithub.cc/movie/30331149.jpg,2019-01-11(中国大陆),https://movie.douban.com/subject/30331149/,7.8,"爱情,动画,奇幻",4,,"爱情,神话",2020-09-29 18:52:50,2019 / 中国大陆 美国 / 爱情 动画 奇幻 / 黄家康 赵霁 / 张喆 杨天翔
26709258,罗小黑战记,,https://dou.img.lithub.cc/movie/26709258.jpg,2019-09-07(中国大陆),https://movie.douban.com/subject/26709258/,8,"动作,动画,奇幻",5,,"温情,中国大陆,治愈,成长",2020-09-29 18:52:26,2019 / 中国大陆 / 动作 动画 奇幻 / 木头 / 山新 郝祥海
26266893,流浪地球,,https://dou.img.lithub.cc/movie/26266893.jpg,2019-02-05(中国大陆),https://movie.douban.com/subject/26266893/,7.9,"科幻,冒险,灾难",4,,"奇幻,小说改编,太空,科幻",2020-09-29 18:51:48,2019 / 中国大陆 / 科幻 冒险 灾难 / 郭帆 / 吴京 屈楚萧
30166972,少年的你,,https://dou.img.lithub.cc/movie/30166972.jpg,2019-10-25(中国大陆),https://movie.douban.com/subject/30166972/,8.2,"剧情,爱情,犯罪",4,,"人性,青春,成长",2020-09-29 18:51:25,2019 / 中国大陆 中国香港 / 剧情 爱情 犯罪 / 曾国祥 / 周冬雨 易烊千玺
26794435,哪吒之魔童降世,,https://dou.img.lithub.cc/movie/26794435.jpg,2019-07-26(中国大陆),https://movie.douban.com/subject/26794435/,8.4,"剧情,喜剧,动画",4,,"人性,成长",2020-09-29 18:50:56,2019 / 中国大陆 / 剧情 喜剧 动画 奇幻 / 饺子 / 吕艳婷 囧森瑟夫
32659890,我和我的祖国,,https://dou.img.lithub.cc/movie/32659890.jpg,2019-09-30(中国大陆),https://movie.douban.com/subject/32659890/,7.6,剧情,4,,"爱国,建国70周年,历史,感动",2020-09-29 18:50:32,2019 / 中国大陆 / 剧情 / 陈凯歌 张一白 管虎 薛晓路 徐峥 宁浩 文牧野 / 黄渤 张译
1292213,大话西游之大圣娶亲,,https://dou.img.lithub.cc/movie/1292213.jpg,2014-10-24(中国大陆),https://movie.douban.com/subject/1292213/,9.2,"喜剧,爱情,奇幻",5,,"经典,感人,搞笑",2020-09-29 18:49:20,1995 / 中国香港 中国大陆 / 喜剧 爱情 奇幻 古装 / 刘镇伟 / 周星驰 吴孟达
33442331,我是余欢水,,https://dou.img.lithub.cc/movie/33442331.jpg,2020-04-06(中国大陆),https://movie.douban.com/subject/33442331/,7.3,剧情,4,,"人性,剧情,现实,黑色幽默",2020-09-29 18:47:28,2020 / 中国大陆 / 剧情 / 孙墨龙 / 郭京飞 苗苗
27052168,破冰行动,,https://dou.img.lithub.cc/movie/27052168.jpg,2019-05-07(中国大陆),https://movie.douban.com/subject/27052168/,6.8,"剧情,悬疑,犯罪",4,,"毒品,警匪,悬疑,真实事件改编",2020-09-29 18:47:01,2019 / 中国大陆 / 剧情 悬疑 犯罪 / 傅东育 刘璋牧 李理 / 黄景瑜 吴刚
25853071,庆余年 第一季,,https://dou.img.lithub.cc/movie/25853071.jpg,2019-11-26(中国大陆),https://movie.douban.com/subject/25853071/,7.9,"剧情,古装",4,,"权谋,搞笑,剧情",2020-09-29 18:46:10,2019 / 中国大陆 / 剧情 古装 / 孙皓 / 张若昀 李沁
26986843,十日游戏,,https://dou.img.lithub.cc/movie/26986843.jpg,2020-06-02(中国大陆),https://movie.douban.com/subject/26986843/,7,"爱情,悬疑,犯罪",4,,"东野圭吾,犯罪,推理,悬疑",2020-09-29 18:45:31,2020 / 中国大陆 / 爱情 悬疑 犯罪 / 臧溪川 / 朱亚文 金晨
33447642,沉默的真相,,https://dou.img.lithub.cc/movie/33447642.jpg,2020-09-16(中国大陆),https://movie.douban.com/subject/33447642/,9,"剧情,悬疑,犯罪",5,,,2020-09-29 18:40:43,2020 / 中国大陆 / 剧情 悬疑 犯罪 / 陈奕甫 / 廖凡 白宇
30444960,信条,,https://dou.img.lithub.cc/movie/30444960.jpg,2020-09-04(中国大陆),https://movie.douban.com/subject/30444960/,7.6,"剧情,动作,科幻",4,,"科幻,烧脑",2020-09-12 15:21:16,2020 / 美国 英国 / 剧情 动作 科幻 / 克里斯托弗·诺兰 / 约翰·大卫·华盛顿 罗伯特·帕丁森